label,count,proportion
0,338,0.7027027027027027
1,143,0.2972972972972973
