feature,test,stat,p_raw,effect_size,n0,n1,p_adj,reject_fdr05
IL6,Mann-Whitney U,20818.5,0.304171200609178,0.057986425339366515,325,136,0.608342401218356,False
IL10,Mann-Whitney U,15937.5,0.9014709792207234,-0.007937009865924615,268,118,0.9734077466754025,False
TNFalpha,Mann-Whitney U,15719.0,0.9734077466754025,0.002158319050339618,267,118,0.9734077466754025,False
CRP,Mann-Whitney U,24965.0,0.46425166562120423,-0.04227116167414675,335,143,0.6963774984318064,False
ACTH,Mann-Whitney U,27548.0,0.007076730876192715,-0.15607033446640647,338,141,0.04246038525715629,True
PTC,Mann-Whitney U,16852.5,0.2681891853758971,-0.07091792965398913,269,117,0.608342401218356,False
