feature,VIF
IL6,1.3220563142213995
IL10,1.040997931806071
TNFalpha,1.028690657383884
CRP,1.3288685541716552
ACTH,1.400870370731971
PTC,1.4451816588107624
